<?xml version="1.0" encoding="UTF-8"?>
<odoo>

    <menuitem name="TimeTables"
              id="menu_op_timetable_root"
              groups="openeducat_timetable.group_op_timetable_user,openeducat_timetable.group_op_timetable_manager"
              web_icon="openeducat_timetable,static/description/icon.png"
              sequence="90">
    <menuitem name="Timetable"
              id="menu_op_timetable"
              groups="openeducat_timetable.group_op_timetable_manager,openeducat_timetable.group_op_timetable_user"
              action="act_open_op_session_view"
              sequence="10"/>
        <!-- Configuration Menu -->
    <menuitem name="Configuration"
              id="menu_op_timetable_config"
              sequence="40"
              groups="openeducat_timetable.group_op_timetable_user,openeducat_timetable.group_op_timetable_manager">
        <menuitem id="menu_op_period"  name="Timing"  groups="openeducat_timetable.group_op_timetable_user" sequence="10"  action="act_open_op_timing_view"/>

        <menuitem id="menu_generate_time_table"
                  name="Generate Timetable"
                  groups="openeducat_timetable.group_op_timetable_manager"
                  sequence="20"
                  action="act_open_generate_time_table_view"/>

        <menuitem id="menu_generate_time_table_report"
                  name="Generate Timetable Report"
                  groups="openeducat_timetable.group_op_timetable_manager"
                  sequence="30"
                  action="act_open_time_table_report_view"/>
    </menuitem>
    </menuitem>
</odoo>
